;;;;;2021416767;;;;;;SIM-02003;;;;;;;;;;;;;;;;;;;;;;;;;;;;;;;;
;;;;;2021416768;;;;;;SIM-02004;;;;;;;;;;;;;;;;;;;;;;;;;;;;;;;;
;;;;;2021416769;;;;;;SIM-02005;;;;;;;;;;;;;;;;;;;;;;;;;;;;;;;;
;;;;;2021416770;;;;;;SIM-02006;;;;;;;;;;;;;;;;;;;;;;;;;;;;;;;;
;;;;;2021416771;;;;;;SIM-02008;;;;;;;;;;;;;;;;;;;;;;;;;;;;;;;;
;;;;;2021416772;;;;;;SIM-02009;;;;;;;;;;;;;;;;;;;;;;;;;;;;;;;;
;;;;;2021416773;;;;;;SIM-02010;;;;;;;;;;;;;;;;;;;;;;;;;;;;;;;;
;;;;;2021416774;;;;;;SIM-02011;;;;;;;;;;;;;;;;;;;;;;;;;;;;;;;;
;;;;;2021416775;;;;;;SIM-02012;;;;;;;;;;;;;;;;;;;;;;;;;;;;;;;;
;;;;;2021416776;;;;;;SIM-02013;;;;;;;;;;;;;;;;;;;;;;;;;;;;;;;;
;;;;;2021416777;;;;;;SIM-02016;;;;;;;;;;;;;;;;;;;;;;;;;;;;;;;;
;;;;;2021416778;;;;;;SIM-02018;;;;;;;;;;;;;;;;;;;;;;;;;;;;;;;;
;;;;;2021416779;;;;;;SIM-02020;;;;;;;;;;;;;;;;;;;;;;;;;;;;;;;;
;;;;;2021416780;;;;;;SIM-02021;;;;;;;;;;;;;;;;;;;;;;;;;;;;;;;;
;;;;;2021416781;;;;;;SIM-02024;;;;;;;;;;;;;;;;;;;;;;;;;;;;;;;;
;;;;;2021416782;;;;;;SIM-02025;;;;;;;;;;;;;;;;;;;;;;;;;;;;;;;;
;;;;;2021416783;;;;;;SIM-02030;;;;;;;;;;;;;;;;;;;;;;;;;;;;;;;;
;;;;;2021416784;;;;;;SIM-02033;;;;;;;;;;;;;;;;;;;;;;;;;;;;;;;;
;;;;;2021416976;;;;;;SIM-02034;;;;;;;;;;;;;;;;;;;;;;;;;;;;;;;;
;;;;;2021416977;;;;;;SIM-02035;;;;;;;;;;;;;;;;;;;;;;;;;;;;;;;;
;;;;;2021416785;;;;;;SIM-02036;;;;;;;;;;;;;;;;;;;;;;;;;;;;;;;;
;;;;;2021416786;;;;;;SIM-02039;;;;;;;;;;;;;;;;;;;;;;;;;;;;;;;;
;;;;;2021416787;;;;;;SIM-02041;;;;;;;;;;;;;;;;;;;;;;;;;;;;;;;;
;;;;;2021416788;;;;;;SIM-02042;;;;;;;;;;;;;;;;;;;;;;;;;;;;;;;;
;;;;;2021416789;;;;;;SIM-02044;;;;;;;;;;;;;;;;;;;;;;;;;;;;;;;;
;;;;;2021416790;;;;;;SIM-02045;;;;;;;;;;;;;;;;;;;;;;;;;;;;;;;;
;;;;;2021416791;;;;;;SIM-02047;;;;;;;;;;;;;;;;;;;;;;;;;;;;;;;;
;;;;;2021416908;;;;;;SIM-02048;;;;;;;;;;;;;;;;;;;;;;;;;;;;;;;;
;;;;;2021416792;;;;;;SIM-02053;;;;;;;;;;;;;;;;;;;;;;;;;;;;;;;;
;;;;;2021416909;;;;;;SIM-02058;;;;;;;;;;;;;;;;;;;;;;;;;;;;;;;;
;;;;;2021416910;;;;;;SIM-02059;;;;;;;;;;;;;;;;;;;;;;;;;;;;;;;;
;;;;;2021416911;;;;;;SIM-02068;;;;;;;;;;;;;;;;;;;;;;;;;;;;;;;;
;;;;;2021416793;;;;;;SIM-02070;;;;;;;;;;;;;;;;;;;;;;;;;;;;;;;;
;;;;;2021416794;;;;;;SIM-02072;;;;;;;;;;;;;;;;;;;;;;;;;;;;;;;;
;;;;;2021416795;;;;;;SIM-02074;;;;;;;;;;;;;;;;;;;;;;;;;;;;;;;;
;;;;;2021416796;;;;;;SIM-02078;;;;;;;;;;;;;;;;;;;;;;;;;;;;;;;;
;;;;;2021416797;;;;;;SIM-02079;;;;;;;;;;;;;;;;;;;;;;;;;;;;;;;;
;;;;;2021416798;;;;;;SIM-02080;;;;;;;;;;;;;;;;;;;;;;;;;;;;;;;;
;;;;;2021416799;;;;;;SIM-02083;;;;;;;;;;;;;;;;;;;;;;;;;;;;;;;;
;;;;;2021416800;;;;;;SIM-02084;;;;;;;;;;;;;;;;;;;;;;;;;;;;;;;;
;;;;;2021416801;;;;;;SIM-02092;;;;;;;;;;;;;;;;;;;;;;;;;;;;;;;;
;;;;;2021416802;;;;;;SIM-02095;;;;;;;;;;;;;;;;;;;;;;;;;;;;;;;;
;;;;;2021416803;;;;;;SIM-02102;;;;;;;;;;;;;;;;;;;;;;;;;;;;;;;;
;;;;;2021416804;;;;;;SIM-02103;;;;;;;;;;;;;;;;;;;;;;;;;;;;;;;;
;;;;;2021416912;;;;;;SIM-02105;;;;;;;;;;;;;;;;;;;;;;;;;;;;;;;;
;;;;;2021416913;;;;;;SIM-02110;;;;;;;;;;;;;;;;;;;;;;;;;;;;;;;;
;;;;;2021416978;;;;;;SIM-02111;;;;;;;;;;;;;;;;;;;;;;;;;;;;;;;;
;;;;;2021416805;;;;;;SIM-02120;;;;;;;;;;;;;;;;;;;;;;;;;;;;;;;;
;;;;;2021416806;;;;;;SIM-02126;;;;;;;;;;;;;;;;;;;;;;;;;;;;;;;;
;;;;;2021416807;;;;;;SIM-02128;;;;;;;;;;;;;;;;;;;;;;;;;;;;;;;;
;;;;;2021416808;;;;;;SIM-02130;;;;;;;;;;;;;;;;;;;;;;;;;;;;;;;;
;;;;;2021416809;;;;;;SIM-02133;;;;;;;;;;;;;;;;;;;;;;;;;;;;;;;;
;;;;;2021416958;;;;;;SIM-02137;;;;;;;;;;;;;;;;;;;;;;;;;;;;;;;;
;;;;;2021416810;;;;;;SIM-02143;;;;;;;;;;;;;;;;;;;;;;;;;;;;;;;;
;;;;;2021416959;;;;;;SIM-02144;;;;;;;;;;;;;;;;;;;;;;;;;;;;;;;;
;;;;;2021416811;;;;;;SIM-02145;;;;;;;;;;;;;;;;;;;;;;;;;;;;;;;;
;;;;;2021416812;;;;;;SIM-02148;;;;;;;;;;;;;;;;;;;;;;;;;;;;;;;;
;;;;;2021416813;;;;;;SIM-02150;;;;;;;;;;;;;;;;;;;;;;;;;;;;;;;;
;;;;;2021416814;;;;;;SIM-02151;;;;;;;;;;;;;;;;;;;;;;;;;;;;;;;;
;;;;;2021416960;;;;;;SIM-02152;;;;;;;;;;;;;;;;;;;;;;;;;;;;;;;;
;;;;;2021416815;;;;;;SIM-02154;;;;;;;;;;;;;;;;;;;;;;;;;;;;;;;;
;;;;;2021416914;;;;;;SIM-02155;;;;;;;;;;;;;;;;;;;;;;;;;;;;;;;;
;;;;;2021416816;;;;;;SIM-02157;;;;;;;;;;;;;;;;;;;;;;;;;;;;;;;;
;;;;;2021416817;;;;;;SIM-02158;;;;;;;;;;;;;;;;;;;;;;;;;;;;;;;;
;;;;;2021416818;;;;;;SIM-02159;;;;;;;;;;;;;;;;;;;;;;;;;;;;;;;;
;;;;;2021416819;;;;;;SIM-02162;;;;;;;;;;;;;;;;;;;;;;;;;;;;;;;;
;;;;;2021416979;;;;;;SIM-02170;;;;;;;;;;;;;;;;;;;;;;;;;;;;;;;;
;;;;;2021416820;;;;;;SIM-02171;;;;;;;;;;;;;;;;;;;;;;;;;;;;;;;;
;;;;;2021416821;;;;;;SIM-02172;;;;;;;;;;;;;;;;;;;;;;;;;;;;;;;;
;;;;;2021416822;;;;;;SIM-02176;;;;;;;;;;;;;;;;;;;;;;;;;;;;;;;;
;;;;;2021416915;;;;;;SIM-02180;;;;;;;;;;;;;;;;;;;;;;;;;;;;;;;;
;;;;;2021416823;;;;;;SIM-02181;;;;;;;;;;;;;;;;;;;;;;;;;;;;;;;;
;;;;;2021416961;;;;;;SIM-02182;;;;;;;;;;;;;;;;;;;;;;;;;;;;;;;;
;;;;;2021416916;;;;;;SIM-02185;;;;;;;;;;;;;;;;;;;;;;;;;;;;;;;;
;;;;;2021416824;;;;;;SIM-02193;;;;;;;;;;;;;;;;;;;;;;;;;;;;;;;;
;;;;;2021416825;;;;;;SIM-02194;;;;;;;;;;;;;;;;;;;;;;;;;;;;;;;;
;;;;;2021416826;;;;;;SIM-02195;;;;;;;;;;;;;;;;;;;;;;;;;;;;;;;;
;;;;;2021416827;;;;;;SIM-02196;;;;;;;;;;;;;;;;;;;;;;;;;;;;;;;;
;;;;;2021416828;;;;;;SIM-02207;;;;;;;;;;;;;;;;;;;;;;;;;;;;;;;;
;;;;;2021416829;;;;;;SIM-02209;;;;;;;;;;;;;;;;;;;;;;;;;;;;;;;;
;;;;;2021416830;;;;;;SIM-02210;;;;;;;;;;;;;;;;;;;;;;;;;;;;;;;;
;;;;;2021416831;;;;;;SIM-02211;;;;;;;;;;;;;;;;;;;;;;;;;;;;;;;;
;;;;;2021416832;;;;;;SIM-02212;;;;;;;;;;;;;;;;;;;;;;;;;;;;;;;;
;;;;;2021416833;;;;;;SIM-02213;;;;;;;;;;;;;;;;;;;;;;;;;;;;;;;;
;;;;;2021416834;;;;;;SIM-02219;;;;;;;;;;;;;;;;;;;;;;;;;;;;;;;;
;;;;;2021416835;;;;;;SIM-02221;;;;;;;;;;;;;;;;;;;;;;;;;;;;;;;;
;;;;;2021416836;;;;;;SIM-02225;;;;;;;;;;;;;;;;;;;;;;;;;;;;;;;;
;;;;;2021416962;;;;;;SIM-02230;;;;;;;;;;;;;;;;;;;;;;;;;;;;;;;;
;;;;;2021416917;;;;;;SIM-02232;;;;;;;;;;;;;;;;;;;;;;;;;;;;;;;;
;;;;;2021416837;;;;;;SIM-02240;;;;;;;;;;;;;;;;;;;;;;;;;;;;;;;;
;;;;;2021416838;;;;;;SIM-02246;;;;;;;;;;;;;;;;;;;;;;;;;;;;;;;;
;;;;;2021416839;;;;;;SIM-02247;;;;;;;;;;;;;;;;;;;;;;;;;;;;;;;;
;;;;;2021416840;;;;;;SIM-02253;;;;;;;;;;;;;;;;;;;;;;;;;;;;;;;;
;;;;;2021416918;;;;;;SIM-02254;;;;;;;;;;;;;;;;;;;;;;;;;;;;;;;;
;;;;;2021416841;;;;;;SIM-02257;;;;;;;;;;;;;;;;;;;;;;;;;;;;;;;;
;;;;;2021416842;;;;;;SIM-02258;;;;;;;;;;;;;;;;;;;;;;;;;;;;;;;;
;;;;;2021416843;;;;;;SIM-02264;;;;;;;;;;;;;;;;;;;;;;;;;;;;;;;;
;;;;;2021416980;;;;;;SIM-02267;;;;;;;;;;;;;;;;;;;;;;;;;;;;;;;;
;;;;;2021416919;;;;;;SIM-02270;;;;;;;;;;;;;;;;;;;;;;;;;;;;;;;;
;;;;;2021416844;;;;;;SIM-02271;;;;;;;;;;;;;;;;;;;;;;;;;;;;;;;;
;;;;;2021416963;;;;;;SIM-02275;;;;;;;;;;;;;;;;;;;;;;;;;;;;;;;;
;;;;;2021416981;;;;;;SIM-02283;;;;;;;;;;;;;;;;;;;;;;;;;;;;;;;;
;;;;;2021416845;;;;;;SIM-02285;;;;;;;;;;;;;;;;;;;;;;;;;;;;;;;;
;;;;;2021416982;;;;;;SIM-02287;;;;;;;;;;;;;;;;;;;;;;;;;;;;;;;;
;;;;;2021416846;;;;;;SIM-02297;;;;;;;;;;;;;;;;;;;;;;;;;;;;;;;;
;;;;;2021416847;;;;;;SIM-02298;;;;;;;;;;;;;;;;;;;;;;;;;;;;;;;;
;;;;;2021416848;;;;;;SIM-02300;;;;;;;;;;;;;;;;;;;;;;;;;;;;;;;;
;;;;;2021416849;;;;;;SIM-02301;;;;;;;;;;;;;;;;;;;;;;;;;;;;;;;;
;;;;;2021416920;;;;;;SIM-02302;;;;;;;;;;;;;;;;;;;;;;;;;;;;;;;;
;;;;;2021416983;;;;;;SIM-02307;;;;;;;;;;;;;;;;;;;;;;;;;;;;;;;;
;;;;;2021416850;;;;;;SIM-02308;;;;;;;;;;;;;;;;;;;;;;;;;;;;;;;;
;;;;;2021416851;;;;;;SIM-02311;;;;;;;;;;;;;;;;;;;;;;;;;;;;;;;;
;;;;;2021416921;;;;;;SIM-02313;;;;;;;;;;;;;;;;;;;;;;;;;;;;;;;;
;;;;;2021416984;;;;;;SIM-02314;;;;;;;;;;;;;;;;;;;;;;;;;;;;;;;;
;;;;;2021416852;;;;;;SIM-02328;;;;;;;;;;;;;;;;;;;;;;;;;;;;;;;;
;;;;;2021416922;;;;;;SIM-02345;;;;;;;;;;;;;;;;;;;;;;;;;;;;;;;;
;;;;;2021416853;;;;;;SIM-02355;;;;;;;;;;;;;;;;;;;;;;;;;;;;;;;;
;;;;;2021416985;;;;;;SIM-02371;;;;;;;;;;;;;;;;;;;;;;;;;;;;;;;;
;;;;;2021416854;;;;;;SIM-02372;;;;;;;;;;;;;;;;;;;;;;;;;;;;;;;;
;;;;;2021416855;;;;;;SIM-02378;;;;;;;;;;;;;;;;;;;;;;;;;;;;;;;;
;;;;;2021416964;;;;;;SIM-02383;;;;;;;;;;;;;;;;;;;;;;;;;;;;;;;;
;;;;;2021416923;;;;;;SIM-02385;;;;;;;;;;;;;;;;;;;;;;;;;;;;;;;;
;;;;;2021416986;;;;;;SIM-02387;;;;;;;;;;;;;;;;;;;;;;;;;;;;;;;;
;;;;;2021416924;;;;;;SIM-02389;;;;;;;;;;;;;;;;;;;;;;;;;;;;;;;;
;;;;;2021416925;;;;;;SIM-02392;;;;;;;;;;;;;;;;;;;;;;;;;;;;;;;;
;;;;;2021416926;;;;;;SIM-02395;;;;;;;;;;;;;;;;;;;;;;;;;;;;;;;;
;;;;;2021416927;;;;;;SIM-02398;;;;;;;;;;;;;;;;;;;;;;;;;;;;;;;;
;;;;;2021416856;;;;;;SIM-02402;;;;;;;;;;;;;;;;;;;;;;;;;;;;;;;;
;;;;;2021416928;;;;;;SIM-02403;;;;;;;;;;;;;;;;;;;;;;;;;;;;;;;;
;;;;;2021416987;;;;;;SIM-02409;;;;;;;;;;;;;;;;;;;;;;;;;;;;;;;;
;;;;;2021416988;;;;;;SIM-02410;;;;;;;;;;;;;;;;;;;;;;;;;;;;;;;;
;;;;;2021416857;;;;;;SIM-02413;;;;;;;;;;;;;;;;;;;;;;;;;;;;;;;;
;;;;;2021416858;;;;;;SIM-02416;;;;;;;;;;;;;;;;;;;;;;;;;;;;;;;;
;;;;;2021416859;;;;;;SIM-02418;;;;;;;;;;;;;;;;;;;;;;;;;;;;;;;;
;;;;;2021416929;;;;;;SIM-02425;;;;;;;;;;;;;;;;;;;;;;;;;;;;;;;;
;;;;;2021416860;;;;;;SIM-02426;;;;;;;;;;;;;;;;;;;;;;;;;;;;;;;;
;;;;;2021416930;;;;;;SIM-02428;;;;;;;;;;;;;;;;;;;;;;;;;;;;;;;;
;;;;;2021416861;;;;;;SIM-02429;;;;;;;;;;;;;;;;;;;;;;;;;;;;;;;;
;;;;;2021416989;;;;;;SIM-02431;;;;;;;;;;;;;;;;;;;;;;;;;;;;;;;;
;;;;;2021416862;;;;;;SIM-02434;;;;;;;;;;;;;;;;;;;;;;;;;;;;;;;;
;;;;;2021416931;;;;;;SIM-02436;;;;;;;;;;;;;;;;;;;;;;;;;;;;;;;;
;;;;;2021416863;;;;;;SIM-02437;;;;;;;;;;;;;;;;;;;;;;;;;;;;;;;;
;;;;;2021416932;;;;;;SIM-02446;;;;;;;;;;;;;;;;;;;;;;;;;;;;;;;;
;;;;;2021416965;;;;;;SIM-02447;;;;;;;;;;;;;;;;;;;;;;;;;;;;;;;;
;;;;;2021416933;;;;;;SIM-02460;;;;;;;;;;;;;;;;;;;;;;;;;;;;;;;;
;;;;;2021416990;;;;;;SIM-02477;;;;;;;;;;;;;;;;;;;;;;;;;;;;;;;;
;;;;;2021416864;;;;;;SIM-02489;;;;;;;;;;;;;;;;;;;;;;;;;;;;;;;;
;;;;;2021416865;;;;;;SIM-02492;;;;;;;;;;;;;;;;;;;;;;;;;;;;;;;;
;;;;;2021416866;;;;;;SIM-02493;;;;;;;;;;;;;;;;;;;;;;;;;;;;;;;;
;;;;;2021416867;;;;;;SIM-02494;;;;;;;;;;;;;;;;;;;;;;;;;;;;;;;;
;;;;;2021416868;;;;;;SIM-02504;;;;;;;;;;;;;;;;;;;;;;;;;;;;;;;;
;;;;;2021416991;;;;;;SIM-02508;;;;;;;;;;;;;;;;;;;;;;;;;;;;;;;;
;;;;;2021416966;;;;;;SIM-02510;;;;;;;;;;;;;;;;;;;;;;;;;;;;;;;;
;;;;;2021416869;;;;;;SIM-02514;;;;;;;;;;;;;;;;;;;;;;;;;;;;;;;;
;;;;;2021416992;;;;;;SIM-02515;;;;;;;;;;;;;;;;;;;;;;;;;;;;;;;;
;;;;;2021416870;;;;;;SIM-02524;;;;;;;;;;;;;;;;;;;;;;;;;;;;;;;;
;;;;;2021416967;;;;;;SIM-02526;;;;;;;;;;;;;;;;;;;;;;;;;;;;;;;;
;;;;;2021416871;;;;;;SIM-02528;;;;;;;;;;;;;;;;;;;;;;;;;;;;;;;;
;;;;;2021416872;;;;;;SIM-02530;;;;;;;;;;;;;;;;;;;;;;;;;;;;;;;;
;;;;;2021416873;;;;;;SIM-02531;;;;;;;;;;;;;;;;;;;;;;;;;;;;;;;;
;;;;;2021416874;;;;;;SIM-02535;;;;;;;;;;;;;;;;;;;;;;;;;;;;;;;;
;;;;;2021416875;;;;;;SIM-02539;;;;;;;;;;;;;;;;;;;;;;;;;;;;;;;;
;;;;;2021416876;;;;;;SIM-02540;;;;;;;;;;;;;;;;;;;;;;;;;;;;;;;;
;;;;;2021416877;;;;;;SIM-02542;;;;;;;;;;;;;;;;;;;;;;;;;;;;;;;;
;;;;;2021416878;;;;;;SIM-02560;;;;;;;;;;;;;;;;;;;;;;;;;;;;;;;;
;;;;;2021416879;;;;;;SIM-02563;;;;;;;;;;;;;;;;;;;;;;;;;;;;;;;;
;;;;;2021416880;;;;;;SIM-02564;;;;;;;;;;;;;;;;;;;;;;;;;;;;;;;;
;;;;;2021416881;;;;;;SIM-02567;;;;;;;;;;;;;;;;;;;;;;;;;;;;;;;;
;;;;;2021416882;;;;;;SIM-02569;;;;;;;;;;;;;;;;;;;;;;;;;;;;;;;;
;;;;;2021416934;;;;;;SIM-02574;;;;;;;;;;;;;;;;;;;;;;;;;;;;;;;;
;;;;;2021416993;;;;;;SIM-02585;;;;;;;;;;;;;;;;;;;;;;;;;;;;;;;;
;;;;;2021416883;;;;;;SIM-02586;;;;;;;;;;;;;;;;;;;;;;;;;;;;;;;;
;;;;;2021416994;;;;;;SIM-02589;;;;;;;;;;;;;;;;;;;;;;;;;;;;;;;;
;;;;;2021416935;;;;;;SIM-02590;;;;;;;;;;;;;;;;;;;;;;;;;;;;;;;;
;;;;;2021416995;;;;;;SIM-02017;;;;;;;;;;;;;;;;;;;;;;;;;;;;;;;;
;;;;;2021416936;;;;;;SIM-02019;;;;;;;;;;;;;;;;;;;;;;;;;;;;;;;;
;;;;;2021416937;;;;;;SIM-02026;;;;;;;;;;;;;;;;;;;;;;;;;;;;;;;;
;;;;;2021416996;;;;;;SIM-02028;;;;;;;;;;;;;;;;;;;;;;;;;;;;;;;;
;;;;;2021416884;;;;;;SIM-02029;;;;;;;;;;;;;;;;;;;;;;;;;;;;;;;;
;;;;;2021416885;;;;;;SIM-02032;;;;;;;;;;;;;;;;;;;;;;;;;;;;;;;;
;;;;;2021416938;;;;;;SIM-02050;;;;;;;;;;;;;;;;;;;;;;;;;;;;;;;;
;;;;;2021416886;;;;;;SIM-02052;;;;;;;;;;;;;;;;;;;;;;;;;;;;;;;;
;;;;;2021416939;;;;;;SIM-02054;;;;;;;;;;;;;;;;;;;;;;;;;;;;;;;;
;;;;;2021416887;;;;;;SIM-02076;;;;;;;;;;;;;;;;;;;;;;;;;;;;;;;;
;;;;;2021416968;;;;;;SIM-02077;;;;;;;;;;;;;;;;;;;;;;;;;;;;;;;;
;;;;;2021416997;;;;;;SIM-02101;;;;;;;;;;;;;;;;;;;;;;;;;;;;;;;;
;;;;;2021416888;;;;;;SIM-02114;;;;;;;;;;;;;;;;;;;;;;;;;;;;;;;;
;;;;;2021416889;;;;;;SIM-02121;;;;;;;;;;;;;;;;;;;;;;;;;;;;;;;;
;;;;;2021416969;;;;;;SIM-02127;;;;;;;;;;;;;;;;;;;;;;;;;;;;;;;;
;;;;;2021416890;;;;;;SIM-02127;;;;;;;;;;;;;;;;;;;;;;;;;;;;;;;;
;;;;;2021416891;;;;;;SIM-02131;;;;;;;;;;;;;;;;;;;;;;;;;;;;;;;;
;;;;;2021416970;;;;;;SIM-02140;;;;;;;;;;;;;;;;;;;;;;;;;;;;;;;;
;;;;;2021416998;;;;;;SIM-02147;;;;;;;;;;;;;;;;;;;;;;;;;;;;;;;;
;;;;;2021416999;;;;;;SIM-02149;;;;;;;;;;;;;;;;;;;;;;;;;;;;;;;;
;;;;;2021416971;;;;;;SIM-02153;;;;;;;;;;;;;;;;;;;;;;;;;;;;;;;;
;;;;;2021417000;;;;;;SIM-02156;;;;;;;;;;;;;;;;;;;;;;;;;;;;;;;;
;;;;;2021416892;;;;;;SIM-02163;;;;;;;;;;;;;;;;;;;;;;;;;;;;;;;;
;;;;;2021416940;;;;;;SIM-02164;;;;;;;;;;;;;;;;;;;;;;;;;;;;;;;;
;;;;;2021416893;;;;;;SIM-02168;;;;;;;;;;;;;;;;;;;;;;;;;;;;;;;;
;;;;;2021416894;;;;;;SIM-02178;;;;;;;;;;;;;;;;;;;;;;;;;;;;;;;;
;;;;;2021416895;;;;;;SIM-02183;;;;;;;;;;;;;;;;;;;;;;;;;;;;;;;;
;;;;;2021417001;;;;;;SIM-02188;;;;;;;;;;;;;;;;;;;;;;;;;;;;;;;;
;;;;;2021416941;;;;;;SIM-02201;;;;;;;;;;;;;;;;;;;;;;;;;;;;;;;;
;;;;;2021416942;;;;;;SIM-02215;;;;;;;;;;;;;;;;;;;;;;;;;;;;;;;;
;;;;;2021416972;;;;;;SIM-02233;;;;;;;;;;;;;;;;;;;;;;;;;;;;;;;;
;;;;;2021417002;;;;;;SIM-02236;;;;;;;;;;;;;;;;;;;;;;;;;;;;;;;;
;;;;;2021416973;;;;;;SIM-02260;;;;;;;;;;;;;;;;;;;;;;;;;;;;;;;;
;;;;;2021416896;;;;;;SIM-02263;;;;;;;;;;;;;;;;;;;;;;;;;;;;;;;;
;;;;;2021416897;;;;;;SIM-02272;;;;;;;;;;;;;;;;;;;;;;;;;;;;;;;;
;;;;;2021416943;;;;;;SIM-02273;;;;;;;;;;;;;;;;;;;;;;;;;;;;;;;;
;;;;;2021416944;;;;;;SIM-02276;;;;;;;;;;;;;;;;;;;;;;;;;;;;;;;;
;;;;;2021416945;;;;;;SIM-02291;;;;;;;;;;;;;;;;;;;;;;;;;;;;;;;;
;;;;;2021417003;;;;;;SIM-02293;;;;;;;;;;;;;;;;;;;;;;;;;;;;;;;;
;;;;;2021416946;;;;;;SIM-02304;;;;;;;;;;;;;;;;;;;;;;;;;;;;;;;;
;;;;;2021416947;;;;;;SIM-02306;;;;;;;;;;;;;;;;;;;;;;;;;;;;;;;;
;;;;;2021416898;;;;;;SIM-02317;;;;;;;;;;;;;;;;;;;;;;;;;;;;;;;;
;;;;;2021416899;;;;;;SIM-02329;;;;;;;;;;;;;;;;;;;;;;;;;;;;;;;;
;;;;;2021416948;;;;;;SIM-02332;;;;;;;;;;;;;;;;;;;;;;;;;;;;;;;;
;;;;;2021416900;;;;;;SIM-02359;;;;;;;;;;;;;;;;;;;;;;;;;;;;;;;;
;;;;;2021416901;;;;;;SIM-02368;;;;;;;;;;;;;;;;;;;;;;;;;;;;;;;;
;;;;;2021416974;;;;;;SIM-02377;;;;;;;;;;;;;;;;;;;;;;;;;;;;;;;;
;;;;;2021417004;;;;;;SIM-02381;;;;;;;;;;;;;;;;;;;;;;;;;;;;;;;;
;;;;;2021416902;;;;;;SIM-02382;;;;;;;;;;;;;;;;;;;;;;;;;;;;;;;;
;;;;;2021417005;;;;;;SIM-02435;;;;;;;;;;;;;;;;;;;;;;;;;;;;;;;;
;;;;;2021416949;;;;;;SIM-02497;;;;;;;;;;;;;;;;;;;;;;;;;;;;;;;;
;;;;;2021416950;;;;;;SIM-02503;;;;;;;;;;;;;;;;;;;;;;;;;;;;;;;;
;;;;;2021416951;;;;;;SIM-02506;;;;;;;;;;;;;;;;;;;;;;;;;;;;;;;;
;;;;;2021416903;;;;;;SIM-02516;;;;;;;;;;;;;;;;;;;;;;;;;;;;;;;;
;;;;;2021416952;;;;;;SIM-02529;;;;;;;;;;;;;;;;;;;;;;;;;;;;;;;;
;;;;;2021416904;;;;;;SIM-02536;;;;;;;;;;;;;;;;;;;;;;;;;;;;;;;;
;;;;;2021416953;;;;;;SIM-02129;;;;;;;;;;;;;;;;;;;;;;;;;;;;;;;;
;;;;;2021416954;;;;;;SIM-02216;;;;;;;;;;;;;;;;;;;;;;;;;;;;;;;;
;;;;;2021416905;;;;;;SIM-02324;;;;;;;;;;;;;;;;;;;;;;;;;;;;;;;;
;;;;;2021416955;;;;;;SIM-02354;;;;;;;;;;;;;;;;;;;;;;;;;;;;;;;;
;;;;;2021416975;;;;;;SIM-02379;;;;;;;;;;;;;;;;;;;;;;;;;;;;;;;;
;;;;;2021416956;;;;;;SIM-02579;;;;;;;;;;;;;;;;;;;;;;;;;;;;;;;;
;;;;;2021416957;;;;;;SIM-02610;;;;;;;;;;;;;;;;;;;;;;;;;;;;;;;;
;;;;;2021416906;;;;;;SIM-02623;;;;;;;;;;;;;;;;;;;;;;;;;;;;;;;;
;;;;;2021416907;;;;;;SIM-02624;;;;;;;;;;;;;;;;;;;;;;;;;;;;;;;;
